cluster,start,end,length,label
step_cluster_1,190,324,135,step
step_cluster_1,380,522,143,step
step_cluster_1,593,702,110,step
step_cluster_1,815,909,95,step
step_cluster_1,1013,1129,117,step
step_cluster_1,1226,1295,70,step
step_cluster_1,1392,1491,100,step
step_cluster_1,1761,1855,95,step
step_cluster_1,1934,2037,104,step
step_cluster_1,2107,2221,115,step
step_cluster_1,2284,2393,110,step
step_cluster_1,2483,2584,102,step
step_cluster_1,2696,2800,105,step
step_cluster_1,2900,2984,85,step
step_cluster_1,3075,3164,90,step
step_cluster_1,3266,3385,120,step
step_cluster_1,3498,3592,95,step
step_cluster_1,3667,3794,128,step
step_cluster_1,3859,3978,120,step
step_cluster_10,1613,1778,166,step
step_cluster_10,1854,2057,204,step
step_cluster_10,2129,2324,196,step
step_cluster_10,2420,2536,117,step
step_cluster_10,2692,2822,131,step
step_cluster_10,2967,3086,120,step
step_cluster_10,3217,3413,197,step
step_cluster_10,3516,3644,129,step
step_cluster_10,3815,3934,120,step
step_cluster_10,4096,4229,134,step
step_cluster_10,4321,4461,141,step
step_cluster_10,4624,4772,149,step
step_cluster_10,4910,5029,120,step
step_cluster_10,5188,5320,133,step
step_cluster_10,5448,5594,147,step
step_cluster_10,5737,5842,106,step
step_cluster_10,5978,6116,139,step
step_cluster_10,6250,6406,157,step
step_cluster_10,6555,6689,135,step
step_cluster_10,6822,6950,129,step
step_cluster_10,7111,7241,131,step
step_cluster_11,772,901,130,step
step_cluster_11,978,1098,121,step
step_cluster_11,1230,1340,111,step
step_cluster_11,1480,1609,130,step
step_cluster_11,1769,1895,127,step
step_cluster_11,2047,2190,144,step
step_cluster_11,2359,2472,114,step
step_cluster_11,2628,2746,119,step
step_cluster_11,2920,3062,143,step
step_cluster_11,3251,3377,127,step
step_cluster_11,3570,3687,118,step
step_cluster_11,3841,3960,120,step
step_cluster_11,4114,4227,114,step
step_cluster_11,4388,4529,142,step
step_cluster_11,4699,4843,145,step
step_cluster_11,4967,5098,132,step
step_cluster_11,5220,5359,140,step
step_cluster_11,5474,5617,144,step
step_cluster_11,5728,5874,147,step
step_cluster_11,6006,6118,113,step
step_cluster_11,6305,6447,143,step
step_cluster_12,1423,1584,162,step
step_cluster_12,1648,1790,143,step
step_cluster_12,1901,2039,139,step
step_cluster_12,2149,2318,170,step
step_cluster_12,2418,2553,136,step
step_cluster_12,2669,2829,161,step
step_cluster_12,2935,3045,111,step
step_cluster_12,3225,3351,127,step
step_cluster_12,3481,3608,128,step
step_cluster_12,3734,3849,116,step
step_cluster_12,4006,4131,126,step
step_cluster_12,4252,4367,116,step
step_cluster_12,4521,4644,124,step
step_cluster_12,4777,4933,157,step
step_cluster_12,5079,5199,121,step
step_cluster_12,5382,5487,106,step
step_cluster_12,5669,5782,114,step
step_cluster_12,5927,6052,126,step
step_cluster_12,6201,6306,106,step
step_cluster_12,6503,6607,105,step
step_cluster_12,6746,6841,96,step
step_cluster_12,6968,7188,221,step
step_cluster_13,704,919,216,step
step_cluster_13,997,1159,163,step
step_cluster_13,1285,1423,139,step
step_cluster_13,1547,1677,131,step
step_cluster_13,1856,1980,125,step
step_cluster_13,2166,2298,133,step
step_cluster_13,2488,2615,128,step
step_cluster_13,2802,2903,102,step
step_cluster_13,3055,3187,133,step
step_cluster_13,3401,3530,130,step
step_cluster_13,3719,3853,135,step
step_cluster_13,4020,4151,132,step
step_cluster_13,4275,4420,146,step
step_cluster_13,4606,4743,138,step
step_cluster_13,4893,5022,130,step
step_cluster_13,5184,5310,127,step
step_cluster_13,5510,5636,127,step
step_cluster_13,5769,5894,126,step
step_cluster_13,6034,6178,145,step
step_cluster_13,6368,6495,128,step
step_cluster_13,6704,6808,105,step
step_cluster_13,6978,7201,224,step
step_cluster_14,807,949,143,step
step_cluster_14,1078,1208,131,step
step_cluster_14,1363,1478,116,step
step_cluster_14,1633,1747,115,step
step_cluster_14,1901,2039,139,step
step_cluster_14,2211,2309,99,step
step_cluster_14,2486,2610,125,step
step_cluster_14,2823,2967,145,step
step_cluster_14,3125,3255,131,step
step_cluster_14,3418,3550,133,step
step_cluster_14,3695,3831,137,step
step_cluster_14,4011,4175,165,step
step_cluster_14,4398,4492,95,step
step_cluster_14,4802,4864,63,step
step_cluster_14,5221,5377,157,step
step_cluster_14,5621,5741,121,step
step_cluster_14,5986,6100,115,step
step_cluster_14,6346,6480,135,step
step_cluster_14,6716,6864,149,step
step_cluster_14,7110,7242,133,step
step_cluster_14,7424,7526,103,step
step_cluster_15,915,1059,145,step
step_cluster_15,1166,1274,109,step
step_cluster_15,1411,1547,137,step
step_cluster_15,1680,1794,115,step
step_cluster_15,1961,2079,119,step
step_cluster_15,2272,2400,129,step
step_cluster_15,2577,2711,135,step
step_cluster_15,2929,3048,120,step
step_cluster_15,3236,3362,127,step
step_cluster_15,3594,3688,95,step
step_cluster_15,3872,3988,117,step
step_cluster_15,4233,4361,129,step
step_cluster_15,4607,4717,111,step
step_cluster_15,4936,5048,113,step
step_cluster_15,5304,5420,117,step
step_cluster_15,5640,5772,133,step
step_cluster_15,5974,6122,149,step
step_cluster_15,6284,6422,139,step
step_cluster_15,6655,6795,141,step
step_cluster_15,7005,7121,117,step
step_cluster_15,7306,7410,105,step
step_cluster_15,7598,7694,97,step
step_cluster_16,1577,1720,144,step
step_cluster_16,1818,1962,145,step
step_cluster_16,2091,2254,164,step
step_cluster_16,2351,2505,155,step
step_cluster_16,2616,2756,141,step
step_cluster_16,2944,3073,130,step
step_cluster_16,3200,3311,112,step
step_cluster_16,3399,3544,146,step
step_cluster_16,3673,3854,182,step
step_cluster_16,3919,4043,125,step
step_cluster_16,4133,4281,149,step
step_cluster_16,4453,4543,91,step
step_cluster_16,4657,4796,140,step
step_cluster_16,4919,5073,155,step
step_cluster_16,5215,5345,131,step
step_cluster_16,5462,5615,154,step
step_cluster_16,5730,5863,134,step
step_cluster_16,5986,6103,118,step
step_cluster_16,6275,6400,126,step
step_cluster_16,6499,6645,147,step
step_cluster_16,6725,6875,151,step
step_cluster_16,6976,7175,200,step
step_cluster_17,1023,1165,143,step
step_cluster_17,1235,1372,138,step
step_cluster_17,1472,1594,123,step
step_cluster_17,1737,1876,140,step
step_cluster_17,2031,2159,129,step
step_cluster_17,2328,2445,118,step
step_cluster_17,2586,2690,105,step
step_cluster_17,2845,2955,111,step
step_cluster_17,3107,3214,108,step
step_cluster_17,3355,3486,132,step
step_cluster_17,3672,3780,109,step
step_cluster_17,3964,4079,116,step
step_cluster_17,4213,4326,114,step
step_cluster_17,4492,4611,120,step
step_cluster_17,4764,4873,110,step
step_cluster_17,5068,5187,120,step
step_cluster_17,5353,5472,120,step
step_cluster_17,5630,5741,112,step
step_cluster_17,5940,6036,97,step
step_cluster_17,6204,6284,81,step
step_cluster_17,6416,6513,98,step
step_cluster_18,2264,2436,173,step
step_cluster_18,2491,2622,132,step
step_cluster_18,2678,2842,165,step
step_cluster_18,2911,3047,137,step
step_cluster_18,3157,3279,123,step
step_cluster_18,3381,3530,150,step
step_cluster_18,3655,3821,167,step
step_cluster_18,4010,4145,136,step
step_cluster_18,4313,4448,136,step
step_cluster_18,4620,4777,158,step
step_cluster_18,4888,5050,163,step
step_cluster_18,5237,5382,146,step
step_cluster_18,5588,5697,110,step
step_cluster_18,5869,6024,156,step
step_cluster_18,6179,6320,142,step
step_cluster_18,6550,6710,161,step
step_cluster_18,6921,7046,126,step
step_cluster_18,7322,7450,129,step
step_cluster_18,7644,7753,110,step
step_cluster_18,7953,8053,101,step
step_cluster_19,1044,1222,179,step
step_cluster_19,1301,1442,142,step
step_cluster_19,1542,1650,109,step
step_cluster_19,1756,1871,116,step
step_cluster_19,1974,2080,107,step
step_cluster_19,2231,2323,93,step
step_cluster_19,2474,2571,98,step
step_cluster_19,2739,2825,87,step
step_cluster_19,3023,3130,108,step
step_cluster_19,3292,3409,118,step
step_cluster_19,3559,3660,102,step
step_cluster_19,3809,3916,108,step
step_cluster_19,4038,4148,111,step
step_cluster_19,4306,4397,92,step
step_cluster_19,4582,4698,117,step
step_cluster_19,4873,4981,109,step
step_cluster_19,5159,5247,89,step
step_cluster_19,5403,5522,120,step
step_cluster_19,5723,5819,97,step
step_cluster_19,5999,6125,127,step
step_cluster_19,6345,6461,117,step
step_cluster_19,6680,6749,70,step
step_cluster_19,6882,6997,116,step
step_cluster_2,372,515,144,step
step_cluster_2,586,705,120,step
step_cluster_2,808,927,120,step
step_cluster_2,1011,1152,142,step
step_cluster_2,1255,1366,112,step
step_cluster_2,1491,1590,100,step
step_cluster_2,1706,1813,108,step
step_cluster_2,1930,2035,106,step
step_cluster_2,2119,2234,116,step
step_cluster_2,2346,2461,116,step
step_cluster_2,2603,2716,114,step
step_cluster_2,2854,2929,76,step
step_cluster_2,3069,3160,92,step
step_cluster_2,3296,3389,94,step
step_cluster_2,3550,3665,116,step
step_cluster_2,3815,3920,106,step
step_cluster_2,4066,4177,112,step
step_cluster_2,4318,4431,114,step
step_cluster_2,4588,4705,118,step
step_cluster_2,4863,4980,118,step
step_cluster_2,5143,5238,96,step
step_cluster_2,5418,5517,100,step
step_cluster_2,5696,5801,106,step
step_cluster_20,308,436,129,step
step_cluster_20,580,697,118,step
step_cluster_20,783,978,196,step
step_cluster_20,1124,1234,111,step
step_cluster_20,1402,1529,128,step
step_cluster_20,1637,1788,152,step
step_cluster_20,1921,2071,151,step
step_cluster_20,2195,2353,159,step
step_cluster_20,2507,2661,155,step
step_cluster_20,2870,2980,111,step
step_cluster_20,3132,3275,144,step
step_cluster_20,3435,3552,118,step
step_cluster_20,3707,3848,142,step
step_cluster_20,3959,4101,143,step
step_cluster_21,852,980,129,step
step_cluster_21,1061,1176,116,step
step_cluster_21,1271,1392,122,step
step_cluster_21,1499,1600,102,step
step_cluster_21,1682,1807,126,step
step_cluster_21,1917,2012,96,step
step_cluster_21,2115,2222,108,step
step_cluster_21,2301,2448,148,step
step_cluster_21,2544,2662,119,step
step_cluster_21,2755,2885,131,step
step_cluster_21,3032,3164,133,step
step_cluster_21,3281,3417,137,step
step_cluster_21,3538,3720,183,step
step_cluster_21,3814,3977,164,step
step_cluster_21,4099,4250,152,step
step_cluster_21,4416,4531,116,step
step_cluster_21,4696,4839,144,step
step_cluster_21,5029,5137,109,step
step_cluster_21,5302,5431,130,step
step_cluster_21,5603,5716,114,step
step_cluster_21,5928,6078,151,step
step_cluster_21,6279,6385,107,step
step_cluster_21,6565,6680,116,step
step_cluster_22,1553,1714,162,step
step_cluster_22,1826,1952,127,step
step_cluster_22,2078,2206,129,step
step_cluster_22,2378,2498,121,step
step_cluster_22,2653,2789,137,step
step_cluster_22,2950,3067,118,step
step_cluster_22,3248,3325,78,step
step_cluster_22,3487,3633,147,step
step_cluster_22,3836,3944,109,step
step_cluster_22,4123,4216,94,step
step_cluster_22,4396,4496,101,step
step_cluster_22,4664,4779,116,step
step_cluster_22,5025,5130,106,step
step_cluster_22,5438,5533,96,step
step_cluster_22,5756,5893,138,step
step_cluster_22,6191,6296,106,step
step_cluster_22,6503,6596,94,step
step_cluster_22,6806,6905,100,step
step_cluster_22,7072,7181,110,step
step_cluster_23,265,386,122,step
step_cluster_23,487,628,142,step
step_cluster_23,725,838,114,step
step_cluster_23,966,1056,91,step
step_cluster_23,1149,1272,124,step
step_cluster_23,1405,1512,108,step
step_cluster_23,1627,1749,123,step
step_cluster_23,1843,1962,120,step
step_cluster_23,2062,2180,119,step
step_cluster_23,2287,2398,112,step
step_cluster_23,2490,2602,113,step
step_cluster_23,2723,2843,121,step
step_cluster_23,2941,3082,142,step
step_cluster_23,3176,3304,129,step
step_cluster_23,3434,3545,112,step
step_cluster_23,3671,3789,119,step
step_cluster_23,3907,4003,97,step
step_cluster_23,4113,4205,93,step
step_cluster_24,245,365,121,step
step_cluster_24,477,590,114,step
step_cluster_24,684,799,116,step
step_cluster_24,933,1053,121,step
step_cluster_24,1177,1345,169,step
step_cluster_24,1488,1578,91,step
step_cluster_24,1705,1845,141,step
step_cluster_24,1980,2120,141,step
step_cluster_24,2279,2387,109,step
step_cluster_24,2555,2657,103,step
step_cluster_24,2798,2938,141,step
step_cluster_24,3133,3253,121,step
step_cluster_24,3452,3544,93,step
step_cluster_24,3701,3798,98,step
step_cluster_24,4018,4154,137,step
step_cluster_24,4368,4458,91,step
step_cluster_24,4612,4764,153,step
step_cluster_25,296,401,106,step
step_cluster_25,515,650,136,step
step_cluster_25,759,896,138,step
step_cluster_25,1013,1114,102,step
step_cluster_25,1270,1385,116,step
step_cluster_25,1514,1632,119,step
step_cluster_25,1770,1879,110,step
step_cluster_25,1989,2138,150,step
step_cluster_25,2319,2407,89,step
step_cluster_25,2587,2701,115,step
step_cluster_25,2843,2981,139,step
step_cluster_25,3134,3244,111,step
step_cluster_25,3408,3551,144,step
step_cluster_25,3950,4069,120,step
step_cluster_25,4492,4598,107,step
step_cluster_25,4770,4861,92,step
step_cluster_25,5017,5116,100,step
step_cluster_26,263,381,119,step
step_cluster_26,495,617,123,step
step_cluster_26,726,838,113,step
step_cluster_26,941,1056,116,step
step_cluster_26,1155,1264,110,step
step_cluster_26,1391,1490,100,step
step_cluster_26,1616,1704,89,step
step_cluster_26,1829,1928,100,step
step_cluster_26,2092,2171,80,step
step_cluster_26,2300,2409,110,step
step_cluster_26,2514,2608,95,step
step_cluster_26,2752,2846,95,step
step_cluster_26,2986,3073,88,step
step_cluster_26,3213,3317,105,step
step_cluster_26,3399,3523,125,step
step_cluster_26,3607,3694,88,step
step_cluster_27,254,387,134,step
step_cluster_27,516,631,116,step
step_cluster_27,764,870,107,step
step_cluster_27,975,1090,116,step
step_cluster_27,1200,1305,106,step
step_cluster_27,1455,1591,137,step
step_cluster_27,1735,1844,110,step
step_cluster_27,2002,2115,114,step
step_cluster_27,2356,2464,109,step
step_cluster_27,2588,2696,109,step
step_cluster_27,2833,2936,104,step
step_cluster_27,3060,3187,128,step
step_cluster_27,3336,3447,112,step
step_cluster_27,3603,3725,123,step
step_cluster_27,3876,4001,126,step
step_cluster_27,4129,4265,137,step
step_cluster_27,4379,4502,124,step
step_cluster_27,4604,4715,112,step
step_cluster_27,4815,4931,117,step
step_cluster_27,5021,5153,133,step
step_cluster_27,5265,5378,114,step
step_cluster_28,809,960,152,step
step_cluster_28,1014,1164,151,step
step_cluster_28,1249,1356,108,step
step_cluster_28,1454,1590,137,step
step_cluster_28,1674,1793,120,step
step_cluster_28,1947,2078,132,step
step_cluster_28,2245,2352,108,step
step_cluster_28,2469,2595,127,step
step_cluster_28,2765,2860,96,step
step_cluster_28,3055,3161,107,step
step_cluster_28,3370,3503,134,step
step_cluster_28,3675,3813,139,step
step_cluster_28,3979,4098,120,step
step_cluster_29,1529,1706,178,step
step_cluster_29,1806,1933,128,step
step_cluster_29,2063,2158,96,step
step_cluster_29,2313,2438,126,step
step_cluster_29,2619,2712,94,step
step_cluster_29,2962,3057,96,step
step_cluster_29,3288,3407,120,step
step_cluster_29,3650,3759,110,step
step_cluster_29,4019,4104,86,step
step_cluster_29,4409,4512,104,step
step_cluster_29,4782,4899,118,step
step_cluster_29,5083,5188,106,step
step_cluster_29,5422,5523,102,step
step_cluster_29,5743,5862,120,step
step_cluster_29,6084,6193,110,step
step_cluster_29,6350,6463,114,step
step_cluster_29,6703,6846,144,step
step_cluster_29,7081,7206,126,step
step_cluster_29,7446,7549,104,step
step_cluster_29,7775,7870,96,step
step_cluster_29,8123,8224,102,step
step_cluster_29,8437,8572,136,step
step_cluster_29,8704,8803,100,step
step_cluster_3,1079,1242,164,step
step_cluster_3,1322,1429,108,step
step_cluster_3,1532,1647,116,step
step_cluster_3,1759,1860,102,step
step_cluster_3,1956,2106,151,step
step_cluster_3,2205,2305,101,step
step_cluster_3,2424,2560,137,step
step_cluster_3,2648,2768,121,step
step_cluster_3,2862,3001,140,step
step_cluster_3,3142,3238,97,step
step_cluster_3,3365,3473,109,step
step_cluster_3,3586,3697,112,step
step_cluster_3,3849,3929,81,step
step_cluster_3,4031,4142,112,step
step_cluster_3,4296,4404,109,step
step_cluster_3,4535,4630,96,step
step_cluster_3,4756,4868,113,step
step_cluster_3,5024,5144,121,step
step_cluster_3,5236,5384,149,step
step_cluster_3,5521,5627,107,step
step_cluster_3,5704,5764,61,step
step_cluster_30,588,741,154,step
step_cluster_30,809,958,150,step
step_cluster_30,1034,1151,118,step
step_cluster_30,1233,1333,101,step
step_cluster_30,1422,1537,116,step
step_cluster_30,1632,1774,143,step
step_cluster_30,1918,2033,116,step
step_cluster_30,2188,2315,128,step
step_cluster_30,2425,2558,134,step
step_cluster_30,2727,2833,107,step
step_cluster_30,2999,3102,104,step
step_cluster_30,3266,3386,121,step
step_cluster_30,3554,3648,95,step
step_cluster_30,3810,3909,100,step
step_cluster_30,4032,4153,122,step
step_cluster_30,4296,4419,124,step
step_cluster_30,4559,4712,154,step
step_cluster_30,4896,5017,122,step
step_cluster_30,5194,5292,99,step
step_cluster_30,5477,5577,101,step
step_cluster_30,5729,5819,91,step
step_cluster_30,5964,6070,107,step
step_cluster_4,1307,1437,131,step
step_cluster_4,1509,1632,124,step
step_cluster_4,1736,1838,103,step
step_cluster_4,1971,2063,93,step
step_cluster_4,2169,2267,99,step
step_cluster_4,2408,2503,96,step
step_cluster_4,2627,2734,108,step
step_cluster_4,2887,2979,93,step
step_cluster_4,3110,3201,92,step
step_cluster_4,3332,3430,99,step
step_cluster_4,3552,3648,97,step
step_cluster_4,3785,3891,107,step
step_cluster_4,4022,4146,125,step
step_cluster_4,4301,4426,126,step
step_cluster_4,4569,4666,98,step
step_cluster_4,4822,4926,105,step
step_cluster_4,5066,5190,125,step
step_cluster_4,5321,5446,126,step
step_cluster_4,5604,5738,135,step
step_cluster_4,5906,6025,120,step
step_cluster_4,6169,6298,130,step
step_cluster_4,6438,6549,112,step
step_cluster_4,6761,6833,73,step
step_cluster_4,6950,7070,121,step
step_cluster_5,1586,1751,166,step
step_cluster_5,1827,2032,206,step
step_cluster_5,2102,2297,196,step
step_cluster_5,2393,2510,118,step
step_cluster_5,2664,2795,132,step
step_cluster_5,2930,3059,130,step
step_cluster_5,3189,3388,200,step
step_cluster_5,3485,3618,134,step
step_cluster_5,3787,3907,121,step
step_cluster_5,4056,4203,148,step
step_cluster_5,4294,4433,140,step
step_cluster_5,4596,4745,150,step
step_cluster_5,4882,5003,122,step
step_cluster_5,5158,5297,140,step
step_cluster_5,5421,5568,148,step
step_cluster_5,5710,5815,106,step
step_cluster_5,5948,6089,142,step
step_cluster_5,6222,6379,158,step
step_cluster_5,6528,6662,135,step
step_cluster_5,6795,6924,130,step
step_cluster_5,7084,7214,131,step
step_cluster_6,1357,1593,237,step
step_cluster_6,1668,1791,124,step
step_cluster_6,1921,2032,112,step
step_cluster_6,2166,2302,137,step
step_cluster_6,2459,2587,129,step
step_cluster_6,2739,2883,145,step
step_cluster_6,3051,3164,114,step
step_cluster_6,3320,3438,119,step
step_cluster_6,3611,3755,145,step
step_cluster_6,3943,4070,128,step
step_cluster_6,4254,4379,126,step
step_cluster_6,4531,4654,124,step
step_cluster_6,4799,4920,122,step
step_cluster_6,5076,5222,147,step
step_cluster_6,5385,5536,152,step
step_cluster_6,5656,5793,138,step
step_cluster_6,5912,6053,142,step
step_cluster_6,6167,6309,143,step
step_cluster_6,6420,6566,147,step
step_cluster_6,6697,6812,116,step
step_cluster_6,6997,7140,144,step
step_cluster_7,1294,1440,147,step
step_cluster_7,1508,1630,123,step
step_cluster_7,1729,1853,125,step
step_cluster_7,1933,2077,145,step
step_cluster_7,2175,2291,117,step
step_cluster_7,2410,2514,105,step
step_cluster_7,2621,2737,117,step
step_cluster_7,2847,2959,113,step
step_cluster_7,3041,3159,119,step
step_cluster_7,3267,3385,119,step
step_cluster_7,3526,3640,115,step
step_cluster_7,3756,3852,97,step
step_cluster_7,3990,4084,95,step
step_cluster_7,4217,4313,97,step
step_cluster_7,4472,4590,119,step
step_cluster_7,4737,4849,113,step
step_cluster_7,4985,5101,117,step
step_cluster_7,5240,5356,117,step
step_cluster_7,5510,5628,119,step
step_cluster_7,5785,5905,121,step
step_cluster_7,6065,6165,101,step
step_cluster_7,6338,6444,107,step
step_cluster_7,6617,6729,113,step
step_cluster_8,1079,1170,92,step
step_cluster_8,1322,1430,109,step
step_cluster_8,1527,1647,121,step
step_cluster_8,1757,1861,105,step
step_cluster_8,1955,2107,153,step
step_cluster_8,2201,2309,109,step
step_cluster_8,2424,2560,137,step
step_cluster_8,2644,2769,126,step
step_cluster_8,3141,3247,107,step
step_cluster_8,3361,3475,115,step
step_cluster_8,3586,3698,113,step
step_cluster_8,3848,3929,82,step
step_cluster_8,4028,4143,116,step
step_cluster_8,4296,4404,109,step
step_cluster_8,4532,4633,102,step
step_cluster_8,4752,4870,119,step
step_cluster_8,5024,5145,122,step
step_cluster_8,5236,5386,151,step
step_cluster_8,5521,5628,108,step
step_cluster_8,5702,5770,69,step
step_cluster_9,1229,1361,133,step
step_cluster_9,1432,1556,125,step
step_cluster_9,1660,1761,102,step
step_cluster_9,1894,1986,93,step
step_cluster_9,2092,2191,100,step
step_cluster_9,2327,2427,101,step
step_cluster_9,2549,2657,109,step
step_cluster_9,2809,2906,98,step
step_cluster_9,3032,3126,95,step
step_cluster_9,3267,3355,89,step
step_cluster_9,3474,3574,101,step
step_cluster_9,3708,3816,109,step
step_cluster_9,3945,4071,127,step
step_cluster_9,4224,4351,128,step
step_cluster_9,4492,4590,99,step
step_cluster_9,4745,4849,105,step
step_cluster_9,4989,5113,125,step
step_cluster_9,5243,5372,130,step
step_cluster_9,5525,5661,137,step
step_cluster_9,5824,5951,128,step
step_cluster_9,6091,6224,134,step
step_cluster_9,6359,6472,114,step
step_cluster_9,6684,6756,73,step
step_cluster_9,6872,6993,122,step
step_cluster_13,864,1024,160,motion
step_cluster_13,1136,1296,160,motion
step_cluster_13,1403,1563,160,motion
step_cluster_13,1685,1845,160,motion
step_cluster_13,1995,2155,160,motion
step_cluster_13,2311,2471,160,motion
step_cluster_13,2621,2781,160,motion
step_cluster_13,2906,3066,160,motion
step_cluster_13,3213,3373,160,motion
step_cluster_13,3545,3705,160,motion
step_cluster_13,3855,4015,160,motion
step_cluster_13,4136,4296,160,motion
step_cluster_13,4430,4590,160,motion
step_cluster_13,4735,4895,160,motion
step_cluster_13,5022,5182,160,motion
step_cluster_13,5330,5490,160,motion
step_cluster_13,5622,5782,160,motion
step_cluster_13,5888,6048,160,motion
step_cluster_13,6188,6348,160,motion
step_cluster_13,6513,6673,160,motion
step_cluster_13,6842,7002,160,motion
step_cluster_17,1118,1278,160,motion
step_cluster_17,1338,1498,160,motion
step_cluster_17,1589,1749,160,motion
step_cluster_17,1870,2030,160,motion
step_cluster_17,2160,2320,160,motion
step_cluster_17,2432,2592,160,motion
step_cluster_17,2689,2849,160,motion
step_cluster_17,2950,3110,160,motion
step_cluster_17,3210,3370,160,motion
step_cluster_17,3493,3653,160,motion
step_cluster_17,3793,3953,160,motion
step_cluster_17,4065,4225,160,motion
step_cluster_17,4330,4490,160,motion
step_cluster_17,4604,4764,160,motion
step_cluster_17,4892,5052,160,motion
step_cluster_17,5189,5349,160,motion
step_cluster_17,5468,5628,160,motion
step_cluster_17,5756,5916,160,motion
step_cluster_17,6036,6196,160,motion
step_cluster_17,6274,6434,160,motion
step_cluster_30,693,853,160,motion
step_cluster_30,907,1067,160,motion
step_cluster_30,1107,1267,160,motion
step_cluster_30,1301,1461,160,motion
step_cluster_30,1511,1671,160,motion
step_cluster_30,1759,1919,160,motion
step_cluster_30,2033,2193,160,motion
step_cluster_30,2291,2451,160,motion
step_cluster_30,2555,2715,160,motion
step_cluster_30,2835,2995,160,motion
step_cluster_30,3108,3268,160,motion
step_cluster_30,3383,3543,160,motion
step_cluster_30,3650,3810,160,motion
step_cluster_30,3895,4055,160,motion
step_cluster_30,4144,4304,160,motion
step_cluster_30,4416,4576,160,motion
step_cluster_30,4715,4875,160,motion
step_cluster_30,5019,5179,160,motion
step_cluster_30,5305,5465,160,motion
step_cluster_30,5570,5730,160,motion
step_cluster_30,5815,5975,160,motion
step_cluster_19,1172,1332,160,motion
step_cluster_19,1403,1563,160,motion
step_cluster_19,1624,1784,160,motion
step_cluster_19,1840,2000,160,motion
step_cluster_19,2072,2232,160,motion
step_cluster_19,2319,2479,160,motion
step_cluster_19,2572,2732,160,motion
step_cluster_19,2849,3009,160,motion
step_cluster_19,3133,3293,160,motion
step_cluster_19,3399,3559,160,motion
step_cluster_19,3655,3815,160,motion
step_cluster_19,3897,4057,160,motion
step_cluster_19,4142,4302,160,motion
step_cluster_19,4415,4575,160,motion
step_cluster_19,4703,4863,160,motion
step_cluster_19,4985,5145,160,motion
step_cluster_19,5252,5412,160,motion
step_cluster_19,5536,5696,160,motion
step_cluster_19,5836,5996,160,motion
step_cluster_19,6152,6312,160,motion
step_cluster_19,6478,6638,160,motion
step_cluster_19,6746,6906,160,motion
step_cluster_6,1522,1682,160,motion
step_cluster_6,1772,1932,160,motion
step_cluster_6,2025,2185,160,motion
step_cluster_6,2298,2458,160,motion
step_cluster_6,2587,2747,160,motion
step_cluster_6,2879,3039,160,motion
step_cluster_6,3163,3323,160,motion
step_cluster_6,3451,3611,160,motion
step_cluster_6,3764,3924,160,motion
step_cluster_6,4081,4241,160,motion
step_cluster_6,4374,4534,160,motion
step_cluster_6,4645,4805,160,motion
step_cluster_6,4924,5084,160,motion
step_cluster_6,5224,5384,160,motion
step_cluster_6,5512,5672,160,motion
step_cluster_6,5773,5933,160,motion
step_cluster_6,6030,6190,160,motion
step_cluster_6,6285,6445,160,motion
step_cluster_6,6543,6703,160,motion
step_cluster_6,6831,6991,160,motion
step_cluster_16,1689,1849,160,motion
step_cluster_16,1951,2111,160,motion
step_cluster_16,2220,2380,160,motion
step_cluster_16,2477,2637,160,motion
step_cluster_16,2767,2927,160,motion
step_cluster_16,3051,3211,160,motion
step_cluster_16,3283,3443,160,motion
step_cluster_16,3537,3697,160,motion
step_cluster_16,3792,3952,160,motion
step_cluster_16,4014,4174,160,motion
step_cluster_16,4272,4432,160,motion
step_cluster_16,4532,4692,160,motion
step_cluster_16,4781,4941,160,motion
step_cluster_16,5058,5218,160,motion
step_cluster_16,5329,5489,160,motion
step_cluster_16,5587,5747,160,motion
step_cluster_16,5840,6000,160,motion
step_cluster_16,6110,6270,160,motion
step_cluster_16,6374,6534,160,motion
step_cluster_16,6606,6766,160,motion
step_cluster_16,6857,7017,160,motion
step_cluster_25,385,545,160,motion
step_cluster_25,624,784,160,motion
step_cluster_25,865,1025,160,motion
step_cluster_25,1115,1275,160,motion
step_cluster_25,1370,1530,160,motion
step_cluster_25,1618,1778,160,motion
step_cluster_25,1863,2023,160,motion
step_cluster_25,2133,2293,160,motion
step_cluster_25,2423,2583,160,motion
step_cluster_25,2698,2858,160,motion
step_cluster_25,2970,3130,160,motion
step_cluster_25,3254,3414,160,motion
step_cluster_25,3664,3824,160,motion
step_cluster_25,4197,4357,160,motion
step_cluster_25,4600,4760,160,motion
step_cluster_25,4860,5020,160,motion
step_cluster_9,1314,1474,160,motion
step_cluster_9,1522,1682,160,motion
step_cluster_9,1745,1905,160,motion
step_cluster_9,1960,2120,160,motion
step_cluster_9,2179,2339,160,motion
step_cluster_9,2410,2570,160,motion
step_cluster_9,2650,2810,160,motion
step_cluster_9,2888,3048,160,motion
step_cluster_9,3115,3275,160,motion
step_cluster_9,3337,3497,160,motion
step_cluster_9,3563,3723,160,motion
step_cluster_9,3805,3965,160,motion
step_cluster_9,4067,4227,160,motion
step_cluster_9,4334,4494,160,motion
step_cluster_9,4589,4749,160,motion
step_cluster_9,4844,5004,160,motion
step_cluster_9,5099,5259,160,motion
step_cluster_9,5370,5530,160,motion
step_cluster_9,5660,5820,160,motion
step_cluster_9,5942,6102,160,motion
step_cluster_9,6206,6366,160,motion
step_cluster_9,6487,6647,160,motion
step_cluster_9,6746,6906,160,motion
step_cluster_11,857,1017,160,motion
step_cluster_11,1081,1241,160,motion
step_cluster_11,1334,1494,160,motion
step_cluster_11,1608,1768,160,motion
step_cluster_11,1895,2055,160,motion
step_cluster_11,2186,2346,160,motion
step_cluster_11,2471,2631,160,motion
step_cluster_11,2759,2919,160,motion
step_cluster_11,3072,3232,160,motion
step_cluster_11,3391,3551,160,motion
step_cluster_11,3684,3844,160,motion
step_cluster_11,3955,4115,160,motion
step_cluster_11,4234,4394,160,motion
step_cluster_11,4534,4694,160,motion
step_cluster_11,4821,4981,160,motion
step_cluster_11,5080,5240,160,motion
step_cluster_11,5337,5497,160,motion
step_cluster_11,5593,5753,160,motion
step_cluster_11,5851,6011,160,motion
step_cluster_11,6139,6299,160,motion
step_cluster_1,274,434,160,motion
step_cluster_1,469,629,160,motion
step_cluster_1,674,834,160,motion
step_cluster_1,886,1046,160,motion
step_cluster_1,1085,1245,160,motion
step_cluster_1,1270,1430,160,motion
step_cluster_1,1544,1704,160,motion
step_cluster_1,1816,1976,160,motion
step_cluster_1,1994,2154,160,motion
step_cluster_1,2171,2331,160,motion
step_cluster_1,2355,2515,160,motion
step_cluster_1,2560,2720,160,motion
step_cluster_1,2765,2925,160,motion
step_cluster_1,2950,3110,160,motion
step_cluster_1,3142,3302,160,motion
step_cluster_1,3355,3515,160,motion
step_cluster_1,3557,3717,160,motion
step_cluster_1,3744,3904,160,motion
step_cluster_20,425,585,160,motion
step_cluster_20,679,839,160,motion
step_cluster_20,949,1109,160,motion
step_cluster_20,1242,1402,160,motion
step_cluster_20,1508,1668,160,motion
step_cluster_20,1774,1934,160,motion
step_cluster_20,2055,2215,160,motion
step_cluster_20,2349,2509,160,motion
step_cluster_20,2674,2834,160,motion
step_cluster_20,2984,3144,160,motion
step_cluster_20,3268,3428,160,motion
step_cluster_20,3555,3715,160,motion
step_cluster_20,3823,3983,160,motion
step_cluster_22,1681,1841,160,motion
step_cluster_22,1935,2095,160,motion
step_cluster_22,2210,2370,160,motion
step_cluster_22,2499,2659,160,motion
step_cluster_22,2784,2944,160,motion
step_cluster_22,3067,3227,160,motion
step_cluster_22,3343,3503,160,motion
step_cluster_22,3645,3805,160,motion
step_cluster_22,3949,4109,160,motion
step_cluster_22,4227,4387,160,motion
step_cluster_22,4503,4663,160,motion
step_cluster_22,4819,4979,160,motion
step_cluster_22,5201,5361,160,motion
step_cluster_22,5574,5734,160,motion
step_cluster_22,5953,6113,160,motion
step_cluster_22,6316,6476,160,motion
step_cluster_22,6622,6782,160,motion
step_cluster_22,6910,7070,160,motion
step_cluster_21,937,1097,160,motion
step_cluster_21,1144,1304,160,motion
step_cluster_21,1360,1520,160,motion
step_cluster_21,1566,1726,160,motion
step_cluster_21,1774,1934,160,motion
step_cluster_21,1986,2146,160,motion
step_cluster_21,2191,2351,160,motion
step_cluster_21,2408,2568,160,motion
step_cluster_21,2631,2791,160,motion
step_cluster_21,2879,3039,160,motion
step_cluster_21,3143,3303,160,motion
step_cluster_21,3409,3569,160,motion
step_cluster_21,3682,3842,160,motion
step_cluster_21,3954,4114,160,motion
step_cluster_21,4243,4403,160,motion
step_cluster_21,4540,4700,160,motion
step_cluster_21,4845,5005,160,motion
step_cluster_21,5144,5304,160,motion
step_cluster_21,5432,5592,160,motion
step_cluster_21,5751,5911,160,motion
step_cluster_21,6087,6247,160,motion
step_cluster_21,6397,6557,160,motion
step_cluster_10,1745,1905,160,motion
step_cluster_10,2010,2170,160,motion
step_cluster_10,2272,2432,160,motion
step_cluster_10,2537,2697,160,motion
step_cluster_10,2811,2971,160,motion
step_cluster_10,3090,3250,160,motion
step_cluster_10,3367,3527,160,motion
step_cluster_10,3647,3807,160,motion
step_cluster_10,3938,4098,160,motion
step_cluster_10,4196,4356,160,motion
step_cluster_10,4464,4624,160,motion
step_cluster_10,4753,4913,160,motion
step_cluster_10,5031,5191,160,motion
step_cluster_10,5307,5467,160,motion
step_cluster_10,5575,5735,160,motion
step_cluster_10,5838,5998,160,motion
step_cluster_10,6107,6267,160,motion
step_cluster_10,6395,6555,160,motion
step_cluster_10,6674,6834,160,motion
step_cluster_10,6951,7111,160,motion
step_cluster_12,1531,1691,160,motion
step_cluster_12,1764,1924,160,motion
step_cluster_12,2021,2181,160,motion
step_cluster_12,2279,2439,160,motion
step_cluster_12,2537,2697,160,motion
step_cluster_12,2789,2949,160,motion
step_cluster_12,3059,3219,160,motion
step_cluster_12,3336,3496,160,motion
step_cluster_12,3587,3747,160,motion
step_cluster_12,3849,4009,160,motion
step_cluster_12,4108,4268,160,motion
step_cluster_12,4365,4525,160,motion
step_cluster_12,4638,4798,160,motion
step_cluster_12,4917,5077,160,motion
step_cluster_12,5206,5366,160,motion
step_cluster_12,5499,5659,160,motion
step_cluster_12,5777,5937,160,motion
step_cluster_12,6041,6201,160,motion
step_cluster_12,6324,6484,160,motion
step_cluster_12,6594,6754,160,motion
step_cluster_12,6855,7015,160,motion
step_cluster_3,1187,1347,160,motion
step_cluster_3,1402,1562,160,motion
step_cluster_3,1619,1779,160,motion
step_cluster_3,1840,2000,160,motion
step_cluster_3,2063,2223,160,motion
step_cluster_3,2293,2453,160,motion
step_cluster_3,2520,2680,160,motion
step_cluster_3,2739,2899,160,motion
step_cluster_3,2980,3140,160,motion
step_cluster_3,3224,3384,160,motion
step_cluster_3,3450,3610,160,motion
step_cluster_3,3685,3845,160,motion
step_cluster_3,3907,4067,160,motion
step_cluster_3,4138,4298,160,motion
step_cluster_3,4386,4546,160,motion
step_cluster_3,4617,4777,160,motion
step_cluster_3,4868,5028,160,motion
step_cluster_3,5117,5277,160,motion
step_cluster_3,5362,5522,160,motion
step_cluster_3,5574,5734,160,motion
step_cluster_4,1391,1551,160,motion
step_cluster_4,1598,1758,160,motion
step_cluster_4,1822,1982,160,motion
step_cluster_4,2037,2197,160,motion
step_cluster_4,2256,2416,160,motion
step_cluster_4,2487,2647,160,motion
step_cluster_4,2726,2886,160,motion
step_cluster_4,2964,3124,160,motion
step_cluster_4,3188,3348,160,motion
step_cluster_4,3410,3570,160,motion
step_cluster_4,3639,3799,160,motion
step_cluster_4,3881,4041,160,motion
step_cluster_4,4143,4303,160,motion
step_cluster_4,4410,4570,160,motion
step_cluster_4,4665,4825,160,motion
step_cluster_4,4921,5081,160,motion
step_cluster_4,5175,5335,160,motion
step_cluster_4,5447,5607,160,motion
step_cluster_4,5738,5898,160,motion
step_cluster_4,6019,6179,160,motion
step_cluster_4,6283,6443,160,motion
step_cluster_4,6565,6725,160,motion
step_cluster_4,6823,6983,160,motion
step_cluster_28,906,1066,160,motion
step_cluster_28,1115,1275,160,motion
step_cluster_28,1332,1492,160,motion
step_cluster_28,1547,1707,160,motion
step_cluster_28,1792,1952,160,motion
step_cluster_28,2075,2235,160,motion
step_cluster_28,2335,2495,160,motion
step_cluster_28,2592,2752,160,motion
step_cluster_28,2880,3040,160,motion
step_cluster_28,3192,3352,160,motion
step_cluster_28,3510,3670,160,motion
step_cluster_28,3811,3971,160,motion
step_cluster_14,930,1090,160,motion
step_cluster_14,1201,1361,160,motion
step_cluster_14,1475,1635,160,motion
step_cluster_14,1750,1910,160,motion
step_cluster_14,2035,2195,160,motion
step_cluster_14,2324,2484,160,motion
step_cluster_14,2641,2801,160,motion
step_cluster_14,2962,3122,160,motion
step_cluster_14,3257,3417,160,motion
step_cluster_14,3543,3703,160,motion
step_cluster_14,3848,4008,160,motion
step_cluster_14,4189,4349,160,motion
step_cluster_14,4559,4719,160,motion
step_cluster_14,4986,5146,160,motion
step_cluster_14,5410,5570,160,motion
step_cluster_14,5782,5942,160,motion
step_cluster_14,6148,6308,160,motion
step_cluster_14,6521,6681,160,motion
step_cluster_14,6903,7063,160,motion
step_cluster_14,7245,7405,160,motion
step_cluster_2,464,624,160,motion
step_cluster_2,676,836,160,motion
step_cluster_2,894,1054,160,motion
step_cluster_2,1115,1275,160,motion
step_cluster_2,1345,1505,160,motion
step_cluster_2,1569,1729,160,motion
step_cluster_2,1790,1950,160,motion
step_cluster_2,1999,2159,160,motion
step_cluster_2,2209,2369,160,motion
step_cluster_2,2451,2611,160,motion
step_cluster_2,2695,2855,160,motion
step_cluster_2,2922,3082,160,motion
step_cluster_2,3148,3308,160,motion
step_cluster_2,3394,3554,160,motion
step_cluster_2,3657,3817,160,motion
step_cluster_2,3914,4074,160,motion
step_cluster_2,4167,4327,160,motion
step_cluster_2,4430,4590,160,motion
step_cluster_2,4703,4863,160,motion
step_cluster_2,4975,5135,160,motion
step_cluster_2,5248,5408,160,motion
step_cluster_2,5527,5687,160,motion
step_cluster_27,366,526,160,motion
step_cluster_27,615,775,160,motion
step_cluster_27,844,1004,160,motion
step_cluster_27,1062,1222,160,motion
step_cluster_27,1307,1467,160,motion
step_cluster_27,1576,1736,160,motion
step_cluster_27,1843,2003,160,motion
step_cluster_27,2154,2314,160,motion
step_cluster_27,2446,2606,160,motion
step_cluster_27,2683,2843,160,motion
step_cluster_27,2923,3083,160,motion
step_cluster_27,3177,3337,160,motion
step_cluster_27,3447,3607,160,motion
step_cluster_27,3721,3881,160,motion
step_cluster_27,3987,4147,160,motion
step_cluster_27,4238,4398,160,motion
step_cluster_27,4469,4629,160,motion
step_cluster_27,4686,4846,160,motion
step_cluster_27,4900,5060,160,motion
step_cluster_27,5124,5284,160,motion
step_cluster_18,2373,2533,160,motion
step_cluster_18,2578,2738,160,motion
step_cluster_18,2789,2949,160,motion
step_cluster_18,3018,3178,160,motion
step_cluster_18,3256,3416,160,motion
step_cluster_18,3516,3676,160,motion
step_cluster_18,3827,3987,160,motion
step_cluster_18,4148,4308,160,motion
step_cluster_18,4459,4619,160,motion
step_cluster_18,4753,4913,160,motion
step_cluster_18,5059,5219,160,motion
step_cluster_18,5395,5555,160,motion
step_cluster_18,5714,5874,160,motion
step_cluster_18,6017,6177,160,motion
step_cluster_18,6359,6519,160,motion
step_cluster_18,6726,6886,160,motion
step_cluster_18,7104,7264,160,motion
step_cluster_18,7462,7622,160,motion
step_cluster_18,7770,7930,160,motion
step_cluster_26,359,519,160,motion
step_cluster_26,589,749,160,motion
step_cluster_26,810,970,160,motion
step_cluster_26,1023,1183,160,motion
step_cluster_26,1244,1404,160,motion
step_cluster_26,1470,1630,160,motion
step_cluster_26,1689,1849,160,motion
step_cluster_26,1924,2084,160,motion
step_cluster_26,2162,2322,160,motion
step_cluster_26,2377,2537,160,motion
step_cluster_26,2600,2760,160,motion
step_cluster_26,2834,2994,160,motion
step_cluster_26,3067,3227,160,motion
step_cluster_26,3283,3443,160,motion
step_cluster_26,3475,3635,160,motion
step_cluster_24,339,499,160,motion
step_cluster_24,557,717,160,motion
step_cluster_24,787,947,160,motion
step_cluster_24,1047,1207,160,motion
step_cluster_24,1317,1477,160,motion
step_cluster_24,1574,1734,160,motion
step_cluster_24,1832,1992,160,motion
step_cluster_24,2111,2271,160,motion
step_cluster_24,2389,2549,160,motion
step_cluster_24,2657,2817,160,motion
step_cluster_24,2950,3110,160,motion
step_cluster_24,3265,3425,160,motion
step_cluster_24,3543,3703,160,motion
step_cluster_24,3837,3997,160,motion
step_cluster_24,4169,4329,160,motion
step_cluster_24,4470,4630,160,motion
step_cluster_29,1663,1823,160,motion
step_cluster_29,1909,2069,160,motion
step_cluster_29,2162,2322,160,motion
step_cluster_29,2440,2600,160,motion
step_cluster_29,2757,2917,160,motion
step_cluster_29,3098,3258,160,motion
step_cluster_29,3445,3605,160,motion
step_cluster_29,3802,3962,160,motion
step_cluster_29,4180,4340,160,motion
step_cluster_29,4570,4730,160,motion
step_cluster_29,4907,5067,160,motion
step_cluster_29,5223,5383,160,motion
step_cluster_29,5557,5717,160,motion
step_cluster_29,5890,6050,160,motion
step_cluster_29,6192,6352,160,motion
step_cluster_29,6510,6670,160,motion
step_cluster_29,6878,7038,160,motion
step_cluster_29,7240,7400,160,motion
step_cluster_29,7579,7739,160,motion
step_cluster_29,7917,8077,160,motion
step_cluster_29,8258,8418,160,motion
step_cluster_29,8548,8708,160,motion
step_cluster_7,1388,1548,160,motion
step_cluster_7,1600,1760,160,motion
step_cluster_7,1818,1978,160,motion
step_cluster_7,2039,2199,160,motion
step_cluster_7,2267,2427,160,motion
step_cluster_7,2490,2650,160,motion
step_cluster_7,2711,2871,160,motion
step_cluster_7,2921,3081,160,motion
step_cluster_7,3133,3293,160,motion
step_cluster_7,3374,3534,160,motion
step_cluster_7,3613,3773,160,motion
step_cluster_7,3840,4000,160,motion
step_cluster_7,4071,4231,160,motion
step_cluster_7,4318,4478,160,motion
step_cluster_7,4582,4742,160,motion
step_cluster_7,4838,4998,160,motion
step_cluster_7,5090,5250,160,motion
step_cluster_7,5353,5513,160,motion
step_cluster_7,5627,5787,160,motion
step_cluster_7,5900,6060,160,motion
step_cluster_7,6173,6333,160,motion
step_cluster_7,6452,6612,160,motion
step_cluster_5,1718,1878,160,motion
step_cluster_5,1984,2144,160,motion
step_cluster_5,2245,2405,160,motion
step_cluster_5,2510,2670,160,motion
step_cluster_5,2781,2941,160,motion
step_cluster_5,3061,3221,160,motion
step_cluster_5,3339,3499,160,motion
step_cluster_5,3619,3779,160,motion
step_cluster_5,3908,4068,160,motion
step_cluster_5,4166,4326,160,motion
step_cluster_5,4436,4596,160,motion
step_cluster_5,4726,4886,160,motion
step_cluster_5,5004,5164,160,motion
step_cluster_5,5280,5440,160,motion
step_cluster_5,5548,5708,160,motion
step_cluster_5,5810,5970,160,motion
step_cluster_5,6079,6239,160,motion
step_cluster_5,6367,6527,160,motion
step_cluster_5,6647,6807,160,motion
step_cluster_5,6924,7084,160,motion
step_cluster_8,1170,1330,160,motion
step_cluster_8,1401,1561,160,motion
step_cluster_8,1618,1778,160,motion
step_cluster_8,1840,2000,160,motion
step_cluster_8,2063,2223,160,motion
step_cluster_8,2293,2453,160,motion
step_cluster_8,2519,2679,160,motion
step_cluster_8,2870,3030,160,motion
step_cluster_8,3226,3386,160,motion
step_cluster_8,3450,3610,160,motion
step_cluster_8,3685,3845,160,motion
step_cluster_8,3906,4066,160,motion
step_cluster_8,4137,4297,160,motion
step_cluster_8,4386,4546,160,motion
step_cluster_8,4616,4776,160,motion
step_cluster_8,4867,5027,160,motion
step_cluster_8,5117,5277,160,motion
step_cluster_8,5362,5522,160,motion
step_cluster_8,5575,5735,160,motion
step_cluster_23,361,521,160,motion
step_cluster_23,589,749,160,motion
step_cluster_23,816,976,160,motion
step_cluster_23,1030,1190,160,motion
step_cluster_23,1254,1414,160,motion
step_cluster_23,1493,1653,160,motion
step_cluster_23,1715,1875,160,motion
step_cluster_23,1931,2091,160,motion
step_cluster_23,2151,2311,160,motion
step_cluster_23,2364,2524,160,motion
step_cluster_23,2584,2744,160,motion
step_cluster_23,2817,2977,160,motion
step_cluster_23,3045,3205,160,motion
step_cluster_23,3284,3444,160,motion
step_cluster_23,3529,3689,160,motion
step_cluster_23,3762,3922,160,motion
step_cluster_23,3977,4137,160,motion
step_cluster_15,1023,1183,160,motion
step_cluster_15,1269,1429,160,motion
step_cluster_15,1528,1688,160,motion
step_cluster_15,1798,1958,160,motion
step_cluster_15,2098,2258,160,motion
step_cluster_15,2410,2570,160,motion
step_cluster_15,2736,2896,160,motion
step_cluster_15,3063,3223,160,motion
step_cluster_15,3390,3550,160,motion
step_cluster_15,3705,3865,160,motion
step_cluster_15,4033,4193,160,motion
step_cluster_15,4399,4559,160,motion
step_cluster_15,4747,4907,160,motion
step_cluster_15,5097,5257,160,motion
step_cluster_15,5454,5614,160,motion
step_cluster_15,5797,5957,160,motion
step_cluster_15,6120,6280,160,motion
step_cluster_15,6459,6619,160,motion
step_cluster_15,6814,6974,160,motion
step_cluster_15,7130,7290,160,motion
step_cluster_15,7422,7582,160,motion
